CityID,CityName,CountryID
2,Ankang,28
3,Anqing,28
4,Anyang,28
5,Baicheng,28
6,Baiyin,28
7,Baoji,28
8,Baoshan,28
9,Baotou,28
10,Bayannur,28
11,Bijie,28
12,Binzhou,28
13,Changzhi,28
14,Chifeng,28
15,Danzhou,28
16,Datong,28
17,Dezhou,28
18,Dingxi,28
19,Fuzhou,28
20,Guiyang,28
21,Hanzhong,28
22,Hefei,28
23,Heze,28
24,Hinggan,28
25,Hohhot,28
26,Huaihua,28
27,Hulunbuir,28
28,Jilin,28
29,Jinan,28
30,Jincheng,28
31,Jining,28
32,Jinzhong,28
33,Lanzhou,28
34,Liaocheng,28
35,Liaoyuan,28
36,Linfen,28
37,Linyi,28
38,Liupanshui,28
39,Longnan,28
40,Longyan,28
41,Luliang,28
42,Nanping,28
43,Nanyang,28
44,Ningde,28
45,Ordos,28
46,Pingdingshan,28
47,Pingliang,28
48,Pingxiang,28
49,Putian,28
50,Qingdao,28
51,Qingyang,28
52,Quanzhou,28
53,Qujing,28
54,Rizhao,28
55,Sanming,28
56,Shangluo,28
57,Shangqiu,28
58,Shaoxing,28
59,Siping,28
60,Tai'an,28
61,Taiyuan,28
62,Tianshui,28
63,Tongchuan,28
64,Tonghua,28
65,Tongren,28
66,Ulanqab,28
67,Weifang,28
68,Weihai,28
69,Wuhai,28
70,Wuzhong,28
71,Xiamen,28
72,Xi'an,28
73,Xianyang,28
74,Xilingol League,28
75,Xinxiang,28
76,Xinyang,28
77,Yangquan,28
78,Yueyang,28
79,Yulin,28
80,Yuncheng,28
81,Yuxi,28
82,Zaozhuang,28
83,Zhangzhou,28
84,Zhoukou,28
85,Zhumadian,28
86,Zibo,28
87,Zunyi,28
88,Abu Dhabi,33
89,Alassio,6
90,Alor Setar,10
91,Amiens,40
92,Amsterdam,8
94,Annecy,40
96,Anshan,28
100,Asahikawa,42
101,Atsugi,42
102,Baerum,39
103,Baghdad,24
104,Baise,28
106,Bangkok,38
107,Baoding,28
111,Barcelona,44
112,Basel,16
114,Bazhong,28
115,Beihai,28
116,Beijing,28
117,Beirut,23
118,Bengbu,28
119,Benxi,28
120,Bergamo,6
121,Biei Town,42
124,Bolzano,6
125,Bordeaux,40
127,Boston,18
128,Bozhou,28
129,Brussels,41
130,Buangkok Green,48
131,Cangzhou,28
132,Caserta,6
133,Cebu,13
134,Changchun,28
135,Changde,28
136,Changsha,28
138,Changzhou,28
139,Chaoyang,28
140,Chaozhou,28
141,Chengde,28
142,Chengdu,28
143,Chenzhou,28
144,Chiba,42
145,Chicago,18
147,Chitose,42
148,Chizhou,28
149,Chuzhou,28
150,Cremona,6
151,Dalian,28
152,Dandong,28
154,Daqing,28
156,Dazhou,28
157,Deyang,28
160,Dongfang,28
161,Dongguan,28
162,Dusseldorf,12
163,Ebetsu,42
164,Eilat,35
165,Fangchenggang,28
166,Foshan,28
167,Fuerstenfeldbruck,12
168,Fukagawa,42
169,Fuxin,28
170,Fuyang,28
172,Ganzhou,28
173,Gejiu,28
174,Geneva,16
175,Germersheim,12
176,Goeppingen,12
177,Gold Coast,25
178,Gothenburg,27
179,Guang'an,28
180,Guangyuan,28
181,Guangzhou,28
182,Guayaquil,20
183,Guigang,28
184,Guilin,28
186,Gunsan,2
187,Guri,2
188,Guyuan,28
189,Gwangju,2
190,Haeundae,2
191,Haikou,28
192,Hakodate,42
193,Handan,28
194,Hangzhou,28
196,Harbin,28
197,Hebi,28
198,Hechi,28
200,Heihe,28
201,Helsinki,1
202,Hengshui,28
203,Hengyang,28
204,Heyuan,28
206,Hezhou,28
207,Hezuo,28
209,Hiyama,42
210,Ho Chi Minh,4
212,Hong Kong,28
213,Huai'an,28
214,Huaibei,28
216,Huainan,28
217,Huangshan,28
218,Huizhou,28
219,Huludao,28
221,Huzhou,28
222,Iburi,42
223,Incheon,2
224,Innsbruck,32
225,Ishikari,42
226,Islamabad,47
227,Ivalo,1
228,Jiamusi,28
229,Ji'an,28
230,Jiangmen,28
231,Jiaozuo,28
232,Jiaxing,28
233,Jieyang,28
238,Jingdezhen,28
239,Jinhua,28
242,Jinzhou,28
243,Jiujiang,28
244,Jixi,28
245,Jiyuan,28
246,Johor Bahru,10
247,Jonkoping,27
248,Kaifeng,28
249,Kaili,28
250,Kamikawa,42
251,Karachi,47
252,Kathmandu,51
253,Katsuura,42
254,Kikonai,42
255,Kitami,42
256,Kowloon,28
257,Kuala Lumpur,10
258,Kumamoto,42
259,Kunming,28
260,Kushiro,42
261,Kuytun,28
262,Kwun Tong,28
263,La Gomera,44
264,La Spezia,6
265,Lagos,21
266,Laibin,28
267,Lam Tin,28
268,Langfang,28
270,Leshan,28
271,Lhasa,28
272,Lianyungang,28
276,Lijiang,28
278,Linxia,28
280,Lishui,28
282,Liuzhou,28
283,Lodi,6
284,London,36
286,Los Angeles,18
287,Loudi,28
288,Lu'an,28
290,Luohe,28
291,Luoyang,28
292,Luzhou,28
293,Lyon,40
294,Ma'anshan,28
295,Madison,18
296,Madrid,44
297,Mallorca,44
298,Manila,13
299,Maoming,28
300,Maramures,46
301,Meishan,28
302,Meizhou,28
303,Melbourne,25
304,Mengzi,28
305,Mianyang,28
306,Milan,6
307,Mirano,6
308,Mudanjiang,28
309,Muharraq,3
310,Munich,12
311,Nagoya,42
312,Nakafurano,42
313,Nanchang,28
314,Nanchong,28
315,Nanjing,28
316,Nanning,28
318,Nantong,28
320,Naples,6
321,Narita,42
322,Neijiang,28
323,Nemuro,42
324,Newcastle,26
325,Nha Trang,4
326,Ningbo,28
328,Nonthaburi,38
329,Okhotsk,42
331,Oslo,39
332,Owariasahi,42
333,Panjin,28
334,Panzhihua,28
335,Paris,40
339,Pizzighettone,6
340,Prigoria,46
341,Pu'er,28
343,Puyang,28
344,Pyeongtaek,2
346,Qingyuan,28
347,Qinhuangdao,28
348,Qinzhou,28
349,Qionghai,28
350,Qiqihar,28
351,Qitaihe,28
352,Qom,50
354,Quarry Bay,28
356,Quzhou,28
357,Rasht,50
358,Reggio Emilia,6
359,Rijeka,30
361,Rome,6
362,Sagamihara,42
363,Salerno,6
364,San Antonio,18
365,San Raffaelle,6
366,Sanmenxia,28
368,Sanya,28
369,Sao Paulo,7
370,Sapporo,42
371,Savoie,40
372,Seongnam-si,2
373,Seoul,2
374,Sesto Cremonese,6
375,Sesto San Giovanni,6
376,Setana,42
377,Seville,44
378,Sha Tin,28
381,Shangrao,28
382,Shantou,28
383,Shanwei,28
384,Shaoguan,28
386,Shaoyang,28
387,Shek Lei,28
388,Shek O,28
389,Shenyang,28
390,Shenzhen,28
391,Shihezi,28
392,Shijiazhuang,28
393,Shinhidaka,42
394,Shiriuchi,42
395,Shizuoka,42
396,Shuangyashan,28
397,Shuozhou,28
398,Siauliai,14
399,Sihanoukville,49
401,Skopje,22
402,Sondrio,6
403,Songyuan,28
404,Soresina,6
405,Starnberg,12
406,Stockholm,27
407,Strasbourg,40
408,Suihua,28
409,Suining,28
410,Suqian,28
411,Suzhou,28
412,Sydney,25
415,Taizhou,28
416,Takikawa,42
417,Tallinn,17
418,Tangshan,28
419,Taoyuan,52
420,Tehran,50
421,Tempe,18
422,Tenerife,44
423,Thanh Hoa,4
424,Thessaloniki,31
425,Tianjin,28
427,Tieling,28
428,Timisoara,46
429,Tin Hau,28
430,To Kwa Wan,28
431,Tokachi,42
432,Tokyo,42
433,Tomakomai,42
436,Tongliao,28
437,Tongling,28
439,Torino,6
440,Toronto,36
441,Torricella,6
442,Traunstein,12
443,Tromso,39
444,Tsing Yi,28
445,Turpan,28
447,Uppsala,27
448,Urumqi,28
449,Vancouver,36
450,Villarreal,44
451,Wakayama,42
452,Wanning,28
455,Weinan,28
456,Wenchang,28
457,Wenzhou,28
459,Wuhu,28
460,Wujiaqu,28
461,Wuxi,28
463,Wuzhou,28
466,Xiangtan,28
469,Xingtai,28
470,Xining,28
473,Xinyu,28
474,Xuancheng,28
475,Xuchang,28
476,Xuzhou,28
477,Ya'an,28
478,Yan'an,28
479,Yancheng,28
480,Yangjiang,28
482,Yangzhou,28
483,Yanji,28
484,Yantai,28
485,Yibin,28
486,Yichun,28
487,Yinchuan,28
488,Yingkou,28
489,Yingtan,28
490,Yiyang,28
491,Yokohama,42
492,Yongzhou,28
497,Zagreb,30
499,Zhangjiajie,28
500,Zhangjiakou,28
501,Zhangye,28
503,Zhanjiang,28
504,Zhaoqing,28
505,Zhaotong,28
506,Zhengzhou,28
507,Zhenjiang,28
508,Zhongshan,28
509,Zhongwei,28
511,Zhoushan,28
512,Zhuhai,28
514,Zhuzhou,28
516,Zigong,28
518,Zurich,16
737,Macheng,28
739,Meihekou,28
744,Osaka,4
747,Riga,55
749,Sanxiang,28
752,Shanghai,28
763,Verona,44
771,Xiangyang,28
773,Xiaogan,28
785,Wuhan,28
